,brand,model,case_material,strap_material,movement_type,water_resistance,case_diameter,case_thickness,band_width,dial_color,crystal_material,complications,power_reserve,price
0,Rolex,Submariner,Stainless Steel,Stainless Steel,Automatic,300,40.0,13.0,20.0,Black,Sapphire,Date,48,9500.0
1,Omega,Seamaster,Titanium,Rubber,Automatic,600,43.5,14.47,21.0,Blue,Sapphire,Date,60,5800.0
2,Tag Heuer,Carrera,Stainless Steel,Leather,Automatic,100,41.0,13.0,20.0,White,Sapphire,Chronograph,42,4200.0
3,Breitling,Navitimer,Stainless Steel,Stainless Steel,Automatic,30,43.0,14.25,22.0,Black,Sapphire,Chronograph,70,7900.0
4,Cartier,Tank Solo,Stainless Steel,Leather,Quartz,30,31.0,6.05,20.0,Silver,Sapphire,None,60,2800.0
5,Jaeger-LeCoultre,Reverso,Stainless Steel,Leather,Manual,30,42.9,9.2,20.0,Black,Sapphire,None,45,5500.0
6,Seiko,Prospex,Stainless Steel,Rubber,Automatic,200,44.3,12.9,20.0,Black,Sapphire,Date,50,1400.0
7,Citizen,Promaster,Stainless Steel,Stainless Steel,Eco-Drive,200,42.0,13.0,22.0,Black,Mineral,Chronograph,6480,1200.0
8,Tissot,Le Locle,Stainless Steel,Leather,Automatic,30,39.3,9.75,19.0,White,Sapphire,Date,38,650.0
9,Hamilton,Khaki Field,Stainless Steel,Leather,Automatic,100,38.0,9.8,20.0,Black,Sapphire,None,80,495.0
10,Longines,Master Collection,Stainless Steel,Leather,Automatic,30,38.5,9.7,20.0,Silver,Sapphire,Date,64,1150.0
11,Oris,Big Crown ProPilot,Stainless Steel,Textile,Automatic,100,41.0,12.0,20.0,Black,Sapphire,"Date, GMT",38,1800.0
12,Bell & Ross,Aviation,Stainless Steel,Rubber,Automatic,100,42.0,11.5,24.0,Black,Sapphire,Chronograph,42,4500.0
13,Sinn,104,Stainless Steel,Leather,Automatic,200,41.0,11.5,20.0,Black,Sapphire,Date,42,1400.0
14,Breguet,Classique,18k White Gold,Leather,Manual,30,38.0,8.65,20.0,Silver,Sapphire,None,40,16000.0
15,Audemars Piguet,Royal Oak,Stainless Steel,Stainless Steel,Automatic,50,41.0,9.8,20.0,Silver,Sapphire,Date,60,22000.0
16,Vacheron Constantin,Overseas,Stainless Steel,Rubber,Automatic,150,41.0,11.0,22.0,Blue,Sapphire,Date,40,19000.0
17,Omega,Speedmaster,Stainless Steel,Stainless Steel,Automatic,50,42.0,14.5,20.0,Black,Sapphire,"Chronograph, Tachymeter",60,4500.0
18,Breitling,Superocean,Stainless Steel,Rubber,Automatic,500,42.0,13.3,20.0,Blue,Sapphire,Date,38,3200.0
19,Panerai,Luminor Base Logo,Stainless Steel,Leather,Manual,100,44.0,10.5,22.0,Black,Sapphire,None,56,3900.0
20,Tudor,Black Bay,Stainless Steel,Leather,Automatic,200,41.0,11.9,22.0,Black,Sapphire,None,70,3500.0
21,Rolex,GMT-Master II,Stainless Steel,Stainless Steel,Automatic,100,40.0,12.5,20.0,Black,Sapphire,GMT,48,14000.0
22,IWC,Pilot's Watch,Stainless Steel,Leather,Automatic,60,41.0,12.5,20.0,Black,Sapphire,Date,42,4800.0
23,Jaeger-LeCoultre,Master Ultra Thin,Stainless Steel,Leather,Automatic,50,39.0,7.58,20.0,Silver,Sapphire,None,70,7500.0
25,Montblanc,1858 Geosphere,Stainless Steel,Leather,Automatic,100,42.0,11.2,22.0,Black,Sapphire,"World Time, GMT",42,6200.0
26,Cartier,Santos-Dumont,Stainless Steel,Leather,Quartz,30,38.0,7.5,18.0,Silver,Sapphire,None,60,3500.0
27,Audemars Piguet,Royal Oak,Stainless Steel,Stainless Steel,Automatic,50,41.0,10.4,20.0,Black,Sapphire,Date,60,21000.0
28,Rolex,Datejust,Stainless Steel,Jubilee,Automatic,100,36.0,12.0,20.0,Silver,Sapphire,Date,70,9000.0
29,Omega,Speedmaster Moonwatch,Stainless Steel,Stainless Steel,Manual,50,42.0,14.3,20.0,Black,Hesalite,"Chronograph, Tachymeter",48,5250.0
30,IWC,Portugieser,Stainless Steel,Alligator,Automatic,30,40.4,12.3,20.0,Silver,Sapphire,Date,60,8800.0
31,Audemars Piguet,Royal Oak,Stainless Steel,Stainless Steel,Automatic,50,41.0,10.4,20.0,Black,Sapphire,Date,60,17800.0
32,Blancpain,Fifty Fathoms,Stainless Steel,Canvas,Automatic,300,45.0,15.4,23.0,Black,Sapphire,Date,120,11500.0
33,Zenith,El Primero,Stainless Steel,Alligator,Automatic,100,42.0,12.75,20.0,Silver,Sapphire,Chronograph,50,6500.0
34,Breguet,Classique,18K Rose Gold,Leather,Automatic,30,39.0,8.65,20.0,Silver,Sapphire,None,45,23500.0
35,Piaget,Polo S,Stainless Steel,Stainless Steel,Automatic,100,42.0,9.4,24.0,Blue,Sapphire,Date,50,10000.0
36,Ulysse Nardin,Marine,Stainless Steel,Rubber,Automatic,100,44.0,12.5,22.0,Blue,Sapphire,Date,60,9500.0
37,Vacheron Constantin,Overseas,Stainless Steel,Stainless Steel,Automatic,150,41.0,11.0,20.0,Silver,Sapphire,Date,60,21500.0
38,Jaquet Droz,Grande Seconde,Stainless Steel,Leather,Automatic,30,43.0,12.27,23.0,Black,Sapphire,None,68,9800.0
39,Audemars Piguet,Royal Oak,Stainless Steel,Stainless Steel,Automatic,50,41.0,10.4,20.0,Blue,Sapphire,Date,60,19900.0
40,Blancpain,Fifty Fathoms,Stainless Steel,Canvas,Automatic,300,45.0,15.5,22.0,Black,Sapphire,Date,120,14400.0
41,Breguet,Type XXI,Stainless Steel,Leather,Automatic,100,42.0,13.85,22.0,Silver,Sapphire,Chronograph,48,9500.0
42,Bulgari,Octo Finissimo,Titanium,Leather,Automatic,100,40.0,5.15,28.0,Black,Sapphire,None,60,12800.0
43,Chopard,Mille Miglia,Stainless Steel,Leather,Automatic,50,44.0,13.7,20.0,Black,Sapphire,Chronograph,42,6500.0
44,Girard-Perregaux,Laureato,Stainless Steel,Stainless Steel,Automatic,100,42.0,10.88,20.0,Blue,Sapphire,None,54,7800.0
45,Glashütte Original,Senator,Stainless Steel,Leather,Automatic,50,42.0,12.2,21.0,Silver,Sapphire,None,40,9200.0
46,Hublot,Classic Fusion,Titanium,Rubber,Automatic,50,42.0,9.3,20.0,Black,Sapphire,None,42,6500.0
47,IWC,Portugieser,Stainless Steel,Leather,Automatic,30,41.0,12.3,22.0,Silver,Sapphire,None,60,8400.0
48,Jaquet Droz,Grande Seconde,Stainless Steel,Leather,Automatic,30,43.0,12.13,23.0,Silver,Sapphire,None,68,6200.0
49,Longines,Master Collection,Stainless Steel,Leather,Automatic,30,38.5,9.3,20.0,Blue,Sapphire,Date,42,1600.0
50,Patek Philippe,Nautilus,Stainless Steel,Stainless Steel,Automatic,120,40.5,8.3,20.0,Blue,Sapphire,Date,45,29800.0
51,Audemars Piguet,Royal Oak,Stainless Steel,Stainless Steel,Automatic,50,41.0,9.8,20.0,Blue,Sapphire,Date,60,24500.0
52,IWC,Portugieser,Stainless Steel,Leather,Automatic,30,41.0,12.3,22.0,Silver,Sapphire,None,60,7950.0
53,Hublot,Classic Fusion,Titanium,Rubber,Automatic,50,42.0,10.5,22.0,Black,Sapphire,None,42,8200.0
55,Zenith,Chronomaster,Stainless Steel,Leather,Automatic,100,42.0,13.1,22.0,Silver,Sapphire,Chronograph,50,9400.0
56,Girard-Perregaux,Laureato,Stainless Steel,Stainless Steel,Automatic,100,38.0,10.88,25.0,Blue,Sapphire,None,54,6700.0
57,Chopard,Mille Miglia,Stainless Steel,Leather,Automatic,50,42.0,11.43,20.0,Black,Sapphire,Chronograph,42,6100.0
58,Vacheron Constantin,Overseas,Stainless Steel,Stainless Steel,Automatic,150,41.0,11.0,22.0,Blue,Sapphire,Date,60,16300.0
59,Montblanc,1858,Stainless Steel,Leather,Automatic,100,42.0,12.8,22.0,Black,Sapphire,None,38,3600.0
60,Ulysse Nardin,Marine,Stainless Steel,Rubber,Automatic,300,44.0,12.5,22.0,Black,Sapphire,Date,60,9500.0
61,Rolex,Datejust,Stainless Steel,Stainless Steel,Automatic,100,41.0,11.2,20.0,Silver,Sapphire,Date,70,8900.0
62,Patek Philippe,Nautilus,Stainless Steel,Stainless Steel,Automatic,120,40.8,8.3,20.0,Blue,Sapphire,"Date, Moon Phase",48,44500.0
63,Audemars Piguet,Royal Oak,Stainless Steel,Stainless Steel,Automatic,50,41.0,10.4,20.0,Blue,Sapphire,Date,60,17000.0
64,Tudor,Black Bay,Stainless Steel,Fabric,Automatic,200,41.0,12.7,22.0,Black,Sapphire,None,70,4500.0
65,IWC,Portugieser,Stainless Steel,Leather,Automatic,30,41.0,12.3,22.0,Silver,Sapphire,"Chronograph, Date",46,8300.0
66,Panerai,Luminor Marina,Stainless Steel,Leather,Automatic,300,44.0,13.05,24.0,Black,Sapphire,"Date, Second Time Zone",72,8900.0
67,Blancpain,Fifty Fathoms,Stainless Steel,Fabric,Automatic,300,43.6,13.83,23.0,Black,Sapphire,"Date, Unidirectional Bezel",120,12000.0
68,Hublot,Classic Fusion,Titanium,Rubber,Automatic,50,45.0,10.95,24.0,Blue,Sapphire,Date,42,7500.0
69,Zenith,Chronomaster,Stainless Steel,Leather,Automatic,50,42.0,14.05,22.0,Silver,Sapphire,"Chronograph, Date",50,6900.0
70,Vacheron Constantin,Overseas,Stainless Steel,Stainless Steel,Automatic,50,41.0,11.0,20.0,Blue,Sapphire,"Date, Second Time Zone",60,15500.0
71,Girard-Perregaux,Laureato,Stainless Steel,Stainless Steel,Automatic,100,42.0,10.88,22.0,Black,Sapphire,None,54,11200.0
72,Audemars Piguet,Royal Oak,Stainless Steel,Stainless Steel,Automatic,50,39.0,9.4,20.0,Blue,Sapphire,"Date, Power Reserve Indicator",60,18900.0
73,Patek Philippe,Nautilus,Stainless Steel,Stainless Steel,Automatic,120,40.5,8.3,20.0,Blue,Sapphire,Date,45,49800.0
74,IWC,Pilot's Watch,Stainless Steel,Leather,Automatic,60,41.0,12.5,20.0,Black,Sapphire,"Date, Chronograph",44,5500.0
75,Panerai,Luminor,Titanium,Rubber,Automatic,300,44.0,15.65,24.0,Black,Sapphire,Date,72,9600.0
76,Breguet,Type XX,Stainless Steel,Leather,Automatic,100,39.5,14.1,20.0,Black,Sapphire,"Date, Chronograph, Flyback",48,8800.0
77,Blancpain,Fifty Fathoms,Stainless Steel,Rubber,Automatic,300,43.0,13.4,23.0,Black,Sapphire,Date,120,14700.0
78,Girard-Perregaux,Laureato,Stainless Steel,Stainless Steel,Automatic,100,42.0,10.88,22.0,Blue,Sapphire,Date,54,10600.0
79,Vacheron Constantin,Overseas,Stainless Steel,Stainless Steel,Automatic,150,41.0,11.0,20.0,Black,Sapphire,Date,60,19200.0
80,Zenith,El Primero,Stainless Steel,Leather,Automatic,100,38.0,12.15,19.0,Silver,Sapphire,Chronograph,50,7500.0
81,Chopard,Mille Miglia,Stainless Steel,Leather,Automatic,50,42.0,12.67,20.0,Black,Sapphire,Chronograph,48,5600.0
82,Longines,HydroConquest,Stainless Steel,Stainless Steel,Automatic,300,43.0,12.75,22.0,Blue,Sapphire,Date,64,1400.0
89,Tudor,Black Bay,Stainless Steel,Leather,Automatic,200,41.0,12.75,22.0,Black,Sapphire,Date,70,3500.0
90,Seiko,Prospex,Stainless Steel,Silicone,Automatic,200,42.3,13.4,22.0,Blue,Hardlex,None,50,650.0
91,Citizen,Promaster,Titanium,Titanium,Eco-Drive,200,46.5,15.0,23.0,Black,Sapphire,Chronograph,5040,995.0
92,Hamilton,Khaki Field Auto,Stainless Steel,Leather,Automatic,100,38.0,9.85,20.0,Black,Sapphire,None,80,545.0
93,Bulova,Precisionist,Stainless Steel,Stainless Steel,Quartz,300,46.5,17.5,24.0,Black,Mineral,Chronograph,60,650.0
94,Omega,Speedmaster,Stainless Steel,Stainless Steel,Manual,50,42.0,14.3,20.0,Black,Hesalite,"Chronograph, Tachymeter",48,5500.0
95,Breitling,Superocean Heritage,Stainless Steel,Rubber,Automatic,200,42.0,14.35,22.0,Black,Sapphire,Date,38,4800.0
96,Jaeger-LeCoultre,Master Control,Stainless Steel,Leather,Automatic,50,40.0,8.8,20.0,Silver,Sapphire,Date,70,6500.0
97,Cartier,Santos,Stainless Steel,Stainless Steel,Automatic,100,39.8,9.08,21.5,Silver,Sapphire,Date,42,7500.0
98,Zenith,Elite,Stainless Steel,Leather,Automatic,50,40.5,9.15,20.0,Silver,Sapphire,None,50,4500.0
99,Panerai,Luminor Base,Stainless Steel,Leather,Manual,100,44.0,10.5,24.0,Black,Sapphire,None,56,5800.0
100,Audemars Piguet,Royal Oak,Stainless Steel,Stainless Steel,Automatic,50,41.0,10.4,20.0,Silver,Sapphire,Date,60,21000.0
101,IWC,Pilot's Watch,Stainless Steel,Leather,Automatic,60,41.0,10.86,20.0,Black,Sapphire,Date,42,3800.0
102,Tudor,Black Bay,Stainless Steel,Leather,Automatic,200,41.0,12.7,22.0,Black,Sapphire,Date,70,3900.0
103,Longines,Conquest VHP,Stainless Steel,Stainless Steel,Quartz,50,41.0,12.1,20.0,Black,Sapphire,"Chronograph, Date",60,1500.0
104,Sinn,U1,Stainless Steel,Rubber,Automatic,1000,44.0,14.3,22.0,Black,Sapphire,None,38,2500.0
105,Patek Philippe,Nautilus,Stainless Steel,Stainless Steel,Automatic,120,40.8,8.3,20.0,Blue,Sapphire,"Date, Power Reserve, Moon Phase",45,38000.0
106,Audemars Piguet,Royal Oak,Rose Gold,Rose Gold,Automatic,50,41.0,9.8,20.0,Blue,Sapphire,Date,60,55000.0
107,Vacheron Constantin,Overseas,Stainless Steel,Stainless Steel,Automatic,150,41.0,11.0,22.0,Blue,Sapphire,"Date, Power Reserve",40,21000.0
108,A. Lange & Sohne,Saxonia,White Gold,Leather,Manual,30,38.5,7.8,18.0,Silver,Sapphire,None,45,23000.0
109,Breguet,Classique,Rose Gold,Leather,Manual,30,38.5,8.25,20.0,Silver,Sapphire,Power Reserve,65,23000.0
110,IWC,Portugieser,Stainless Steel,Leather,Automatic,30,41.0,12.3,22.0,Blue,Sapphire,None,60,8500.0
111,Blancpain,Fifty Fathoms,Stainless Steel,Fabric,Automatic,300,45.0,15.5,23.0,Black,Sapphire,Date,120,14000.0
112,Hublot,Big Bang,Titanium,Rubber,Automatic,100,44.0,14.5,24.0,Blue,Sapphire,Chronograph,72,16000.0
113,Panerai,Luminor Marina,Stainless Steel,Leather,Automatic,300,44.0,15.65,24.0,Black,Sapphire,None,72,8500.0
114,Zenith,El Primero,Stainless Steel,Leather,Automatic,100,42.0,12.75,20.0,Silver,Sapphire,Chronograph,50,6000.0
115,Piaget,Altiplano,White Gold,Leather,Manual,30,38.0,6.1,20.0,Silver,Sapphire,None,43,16500.0
116,Seiko,Prospex,Stainless Steel,Silicone,Automatic,200,44.3,12.7,20.0,Blue,Sapphire,Day/Date,41,1200.0
117,Panerai,Luminor Due,Stainless Steel,Leather,Automatic,30,38.0,11.2,20.0,Black,Sapphire,None,72,6500.0
118,IWC,Portugieser,Stainless Steel,Leather,Automatic,30,41.0,12.3,22.0,Blue,Sapphire,"Chronograph, Moon Phase",46,9800.0
119,Blancpain,Fifty Fathoms,Titanium,Rubber,Automatic,300,45.0,15.5,23.0,Black,Sapphire,None,120,16800.0
120,Audemars Piguet,Royal Oak,Stainless Steel,Stainless Steel,Automatic,50,41.0,9.5,20.0,Black,Sapphire,Date,60,19800.0
121,Patek Philippe,Nautilus,Stainless Steel,Stainless Steel,Automatic,120,40.8,8.3,20.0,Blue,Sapphire,Date,45,47000.0
122,Breguet,Classique,18K Rose Gold,Leather,Automatic,30,40.0,6.8,20.0,White,Sapphire,None,55,19000.0
123,Vacheron Constantin,Patrimony,18K White Gold,Leather,Manual,30,40.0,6.79,20.0,Silver,Sapphire,None,65,18500.0
124,Chopard,Mille Miglia,Stainless Steel,Leather,Automatic,50,44.0,14.97,22.0,Black,Sapphire,Chronograph,42,5800.0
125,Longines,Conquest,Stainless Steel,Stainless Steel,Automatic,300,41.0,13.2,20.0,Black,Sapphire,Chronograph,54,2200.0
126,Montblanc,1858,Stainless Steel,Leather,Manual,30,44.0,12.3,22.0,Black,Sapphire,None,50,3500.0
127,Rolex,GMT-Master II,Stainless Steel,Stainless Steel,Automatic,100,40.0,12.5,20.0,Black,Sapphire,"GMT, Date",70,9950.0
128,Omega,Speedmaster,Stainless Steel,Stainless Steel,Automatic,50,42.0,13.7,20.0,Black,Hesalite,Chronograph,48,4950.0
129,Patek Philippe,Nautilus,Stainless Steel,Stainless Steel,Automatic,120,40.8,8.3,20.0,Blue,Sapphire,Date,45,38000.0
130,Audemars Piguet,Royal Oak,Stainless Steel,Stainless Steel,Automatic,50,41.0,9.8,20.0,Blue,Sapphire,Date,60,22000.0
131,IWC,Portugieser,Stainless Steel,Leather,Automatic,30,41.0,12.3,22.0,Silver,Sapphire,None,46,7500.0
132,Jaeger-LeCoultre,Master Ultra Thin,Stainless Steel,Leather,Automatic,50,39.0,7.58,20.0,Silver,Sapphire,Date,70,8900.0
133,Blancpain,Fifty Fathoms,Stainless Steel,Fabric,Automatic,300,45.0,15.4,23.0,Black,Sapphire,Date,120,13900.0
134,Breguet,Classique,Rose Gold,Leather,Manual,30,40.0,6.8,20.0,Silver,Sapphire,None,65,20500.0
135,Ulysse Nardin,Marine,Titanium,Rubber,Automatic,300,44.0,14.5,22.0,Blue,Sapphire,Date,60,9500.0
136,Hublot,Big Bang,Ceramic,Rubber,Automatic,100,41.0,14.5,20.0,Black,Sapphire,Chronograph,72,16000.0
137,Zenith,El Primero,Stainless Steel,Leather,Automatic,100,38.0,12.75,20.0,White,Sapphire,Chronograph,50,5500.0
138,Rolex,Datejust,Stainless Steel,Stainless Steel,Automatic,100,41.0,11.8,20.0,Black,Sapphire,Date,70,8200.0
139,Omega,Speedmaster Moonwatch,Stainless Steel,Stainless Steel,Manual,50,42.0,13.2,20.0,Black,Hesalite,"Chronograph, Tachymeter",48,5500.0
140,Cartier,Ballon Bleu,Stainless Steel,Stainless Steel,Automatic,30,33.0,9.96,18.0,Silver,Sapphire,Date,42,6500.0
141,Breitling,Superocean,Stainless Steel,Rubber,Automatic,500,42.0,13.32,20.0,Blue,Sapphire,Date,38,3600.0
142,Patek Philippe,Calatrava,Rose Gold,Leather,Manual,30,36.0,7.45,18.0,White,Sapphire,None,44,18000.0
143,Hublot,Big Bang,Titanium,Rubber,Automatic,100,42.0,14.5,24.0,Black,Sapphire,"Chronograph, Date",72,8900.0
144,Blancpain,Fifty Fathoms,Stainless Steel,Canvas,Automatic,300,45.0,15.4,23.0,Black,Sapphire,"Date, Rotating Bezel",120,13500.0
145,Audemars Piguet,Royal Oak,Stainless Steel,Stainless Steel,Automatic,50,41.0,10.4,20.0,Blue,Sapphire,Date,60,26000.0
146,Zenith,El Primero,Stainless Steel,Leather,Automatic,100,42.0,12.75,22.0,Black,Sapphire,Chronograph,50,6500.0
147,IWC,Portugieser,Stainless Steel,Leather,Automatic,30,41.5,12.3,22.0,Silver,Sapphire,None,60,7800.0
148,Jaeger-LeCoultre,Master Ultra Thin,Stainless Steel,Leather,Automatic,50,38.0,7.58,20.0,Silver,Sapphire,None,70,4500.0
149,Patek Philippe,Nautilus,Stainless Steel,Stainless Steel,Automatic,120,40.5,8.3,22.0,Blue,Sapphire,Date,45,29800.0
150,Audemars Piguet,Royal Oak,Stainless Steel,Stainless Steel,Automatic,50,41.0,9.8,20.0,Black,Sapphire,Date,60,23100.0
152,Vacheron Constantin,Overseas,Stainless Steel,Rubber,Automatic,150,41.5,11.0,22.0,Blue,Sapphire,Date,40,18900.0
153,Blancpain,Fifty Fathoms,Stainless Steel,Canvas,Automatic,300,45.0,15.5,23.0,Black,Sapphire,Date,120,12800.0
154,Hublot,Big Bang,Ceramic,Rubber,Automatic,100,44.0,14.5,26.0,Black,Sapphire,Chronograph,72,17900.0
155,Breguet,Classique,18k Rose Gold,Leather,Manual,30,39.0,8.65,20.0,Silver,Sapphire,None,40,15200.0
156,Ulysse Nardin,Marine,Stainless Steel,Leather,Automatic,100,42.2,14.2,22.0,Blue,Sapphire,Date,60,8400.0
157,Zenith,Defy,Titanium,Rubber,Automatic,100,41.0,10.75,22.0,Blue,Sapphire,Chronograph,50,9500.0
158,Girard-Perregaux,Laureato,Stainless Steel,Stainless Steel,Automatic,100,42.0,10.88,22.0,Silver,Sapphire,None,46,9200.0
159,Panerai,Luminor,Stainless Steel,Leather,Manual,100,44.0,13.05,24.0,Black,Sapphire,None,56,7500.0
160,Seiko,Prospex,Stainless Steel,Silicone,Automatic,200,43.0,13.2,22.0,Blue,Hardlex,Date,50,1300.0
161,Tissot,Le Locle,Stainless Steel,Leather,Automatic,30,39.3,9.75,20.0,Silver,Sapphire,Date,38,650.0
162,Longines,Master Collection,Stainless Steel,Leather,Automatic,30,40.0,10.25,20.0,Black,Sapphire,Date,64,2500.0
163,Hamilton,Jazzmaster,Stainless Steel,Leather,Automatic,50,40.0,11.15,20.0,Silver,Sapphire,Date,80,1150.0
164,Montblanc,Heritage,Stainless Steel,Leather,Automatic,50,40.0,9.85,20.0,Silver,Sapphire,Date,42,2750.0
165,Rado,True Thinline,High-Tech Ceramic,Leather,Quartz,30,39.0,5.0,22.0,Black,Sapphire,None,60,1600.0
166,Frederique Constant,Classics,Stainless Steel,Leather,Automatic,50,40.0,10.5,20.0,Silver,Sapphire,Date,38,1400.0
167,Zenith,Elite,Stainless Steel,Leather,Automatic,50,40.5,8.15,22.0,White,Sapphire,Date,50,5500.0
168,Girard-Perregaux,Laureato,Stainless Steel,Stainless Steel,Automatic,100,38.0,10.88,25.0,Black,Sapphire,Date,46,8700.0
169,Ulysse Nardin,Marine Torpilleur,Stainless Steel,Leather,Automatic,50,42.0,11.15,20.0,Blue,Sapphire,Date,60,7900.0
170,Sinn,U50,German Submarine Steel,Silicone,Automatic,500,45.0,14.7,22.0,Black,Sapphire,None,38,3350.0
171,Rolex,Datejust,Stainless Steel,Jubilee,Automatic,100,36.0,12.5,20.0,Black,Sapphire,Date,70,8000.0
172,Omega,Speedmaster,Stainless Steel,Stainless Steel,Automatic,50,42.0,13.5,20.0,Black,Sapphire,Chronograph,60,6500.0
173,Cartier,Ballon Bleu,Stainless Steel,Leather,Automatic,30,33.0,9.96,16.0,Silver,Sapphire,Date,42,4500.0
174,Tag Heuer,Aquaracer,Stainless Steel,Stainless Steel,Quartz,300,43.0,10.8,20.0,Blue,Sapphire,None,60,1800.0
175,Breitling,Superocean,Stainless Steel,Rubber,Automatic,2000,42.0,13.32,20.0,Blue,Sapphire,Date,38,3600.0
176,IWC,Portugieser,Stainless Steel,Leather,Automatic,30,41.0,12.3,22.0,Blue,Sapphire,Date,60,8900.0
177,Panerai,Luminor Marina,Titanium,Leather,Manual,300,44.0,13.05,24.0,Black,Sapphire,None,56,5700.0
178,Patek Philippe,Nautilus,Stainless Steel,Stainless Steel,Automatic,120,40.5,8.3,22.0,Blue,Sapphire,Date,45,34000.0
179,Jaeger-LeCoultre,Master Ultra Thin,Stainless Steel,Leather,Automatic,50,39.0,7.58,20.0,Silver,Sapphire,None,43,6800.0
180,Bell & Ross,BR V2-92,Stainless Steel,Rubber,Automatic,100,41.0,9.7,22.0,Black,Sapphire,Date,40,2500.0
181,Montblanc,1858,Bronze,Leather,Automatic,100,44.0,12.8,22.0,Black,Sapphire,None,42,5300.0
183,Audemars Piguet,Royal Oak,Stainless Steel,Stainless Steel,Automatic,50,41.0,9.8,20.0,Black,Sapphire,Date,60,22000.0
184,Vacheron Constantin,Overseas,Stainless Steel,Rubber,Automatic,150,41.0,11.0,21.0,Blue,Sapphire,Date,60,17500.0
185,IWC,Portugieser,Stainless Steel,Leather,Automatic,30,41.0,13.1,22.0,Silver,Sapphire,Date,60,8500.0
186,Hublot,Big Bang,Ceramic,Rubber,Automatic,100,44.5,14.5,22.0,Black,Sapphire,Chronograph,72,15000.0
187,Zenith,El Primero,Stainless Steel,Leather,Automatic,100,38.0,12.4,19.0,White,Sapphire,Chronograph,50,6000.0
188,Chopard,Mille Miglia,Stainless Steel,Leather,Automatic,50,42.0,12.67,20.0,Black,Sapphire,Chronograph,48,5000.0
189,Panerai,Luminor,Titanium,Rubber,Automatic,300,44.0,13.05,24.0,Black,Sapphire,None,72,8500.0
190,Girard-Perregaux,Laureato,Stainless Steel,Stainless Steel,Automatic,100,42.0,10.88,22.0,Blue,Sapphire,Date,54,9000.0
191,Blancpain,Fifty Fathoms,Stainless Steel,NATO Strap,Automatic,300,45.0,15.5,23.0,Black,Sapphire,None,120,12500.0
192,Bulgari,Octo Finissimo,Titanium,Leather,Automatic,30,40.0,5.5,21.0,Black,Sapphire,None,55,10000.0
193,Tudor,Black Bay,Stainless Steel,Leather,Automatic,200,41.0,12.7,22.0,Black,Sapphire,Date,70,3800.0
194,Panerai,Luminor Marina,Stainless Steel,Leather,Automatic,300,44.0,13.05,22.0,Black,Sapphire,Date,72,8900.0
195,Hublot,Big Bang,Titanium,Rubber,Automatic,100,44.0,14.5,25.0,Black,Sapphire,Chronograph,72,16800.0
196,IWC,Portugieser,Stainless Steel,Leather,Automatic,30,40.9,12.3,20.0,Silver,Sapphire,Date,44,6900.0
198,Vacheron Constantin,Overseas,Stainless Steel,Rubber,Automatic,150,41.5,11.0,21.0,Silver,Sapphire,Date,40,19500.0
199,Breguet,Classique,18k White Gold,Leather,Automatic,30,39.0,8.65,20.0,Silver,Sapphire,Date,55,24500.0
200,Piaget,Altiplano,18k Rose Gold,Leather,Manual,30,38.0,6.0,20.0,White,Sapphire,None,43,20800.0
201,Blancpain,Fifty Fathoms,Stainless Steel,Fabric,Automatic,300,45.0,15.5,23.0,Black,Sapphire,Date,120,13000.0
202,Girard-Perregaux,Laureato,Stainless Steel,Stainless Steel,Automatic,100,41.0,10.88,22.0,Black,Sapphire,Date,46,9700.0
203,Zenith,Chronomaster,Stainless Steel,Leather,Automatic,50,42.0,14.05,22.0,Silver,Sapphire,Chronograph,50,7400.0
204,Breitling,Superocean Heritage II,Stainless Steel,Rubber,Automatic,200,44.0,14.2,22.0,Black,Sapphire,Date,70,4300.0
205,Cartier,Santos de Cartier,Stainless Steel,Stainless Steel,Automatic,100,39.8,9.08,20.0,Silver,Sapphire,Date,42,6500.0
206,Omega,Speedmaster,Stainless Steel,Leather,Manual,50,42.0,13.7,20.0,Black,Hesalite,Chronograph,48,5500.0
207,Rolex,GMT-Master II,Stainless Steel,Stainless Steel,Automatic,100,40.0,12.4,20.0,Black,Sapphire,"GMT, Date",70,9100.0
208,Jaeger-LeCoultre,Master Control,Stainless Steel,Leather,Automatic,50,40.0,8.8,20.0,Silver,Sapphire,Date,70,7500.0
209,Audemars Piguet,Royal Oak,Stainless Steel,Stainless Steel,Automatic,50,41.0,10.4,20.0,Blue,Sapphire,Date,60,20900.0
210,IWC,Pilot's Watch Mark XVIII,Stainless Steel,Leather,Automatic,60,40.0,10.8,20.0,Black,Sapphire,Date,42,4200.0
211,Patek Philippe,Calatrava,18k White Gold,Leather,Automatic,30,39.0,8.6,20.0,Silver,Sapphire,Date,48,22000.0
212,Tag Heuer,Aquaracer,Stainless Steel,Stainless Steel,Quartz,300,32.0,9.5,15.0,Blue,Sapphire,None,60,1700.0
213,Tudor,Black Bay,Stainless Steel,Leather,Automatic,200,41.0,12.7,22.0,Black,Sapphire,Date,70,3600.0
214,Rolex,Datejust,Stainless Steel,Jubilee Bracelet,Automatic,100,36.0,12.5,20.0,Silver,Sapphire,Date,70,8900.0
215,Omega,Speedmaster,Stainless Steel,Stainless Steel,Automatic,50,42.0,13.5,20.0,Black,Sapphire,Chronograph,60,6800.0
216,Tag Heuer,Aquaracer,Stainless Steel,Stainless Steel,Quartz,300,43.0,10.8,21.0,Blue,Sapphire,Date,60,2600.0
217,Breitling,Superocean Heritage,Stainless Steel,Leather,Automatic,200,42.0,14.35,20.0,Black,Sapphire,Date,38,4400.0
218,Cartier,Ballon Bleu,18k Rose Gold,Leather,Automatic,30,33.0,9.96,18.0,Silver,Sapphire,Date,42,13000.0
219,Jaeger-LeCoultre,Master Control,Stainless Steel,Leather,Automatic,50,39.0,8.5,20.0,Silver,Sapphire,Date,70,7500.0
220,Tudor,Black Bay GMT,Stainless Steel,Stainless Steel,Automatic,200,41.0,14.5,22.0,Black,Sapphire,GMT,70,4500.0
221,Zenith,El Primero,Stainless Steel,Leather,Automatic,100,38.0,12.45,19.0,White,Sapphire,Chronograph,50,6900.0
222,Longines,HydroConquest,Stainless Steel,Stainless Steel,Automatic,300,41.0,12.65,20.0,Black,Sapphire,Date,64,1800.0
223,Oris,Divers Sixty-Five,Stainless Steel,Leather,Automatic,100,40.0,12.9,20.0,Blue,Sapphire,Date,38,1500.0
224,Hamilton,Khaki Field,Stainless Steel,NATO Strap,Automatic,100,38.0,9.7,20.0,Black,Sapphire,None,80,595.0
225,Panerai,Luminor Marina,Stainless Steel,Leather,Automatic,300,42.0,13.2,22.0,Black,Sapphire,Date,72,7500.0
226,IWC,Pilot's Watch,Stainless Steel,Leather,Automatic,60,41.0,15.3,22.0,Black,Sapphire,Date,72,5400.0
227,Patek Philippe,Calatrava,White Gold,Leather,Manual,30,37.0,7.7,20.0,White,Sapphire,None,44,25000.0
228,Hublot,Big Bang,Carbon Fiber,Rubber,Automatic,100,44.0,14.5,25.0,Black,Sapphire,Chronograph,72,15000.0
229,Zenith,Chronomaster,Stainless Steel,Leather,Automatic,50,38.0,12.6,20.0,Silver,Sapphire,Chronograph,50,7500.0
230,Audemars Piguet,Royal Oak,Stainless Steel,Stainless Steel,Automatic,50,41.0,9.8,20.0,Blue,Sapphire,Date,60,25000.0
231,Vacheron Constantin,Overseas,Stainless Steel,Stainless Steel,Automatic,50,41.0,11.0,22.0,Blue,Sapphire,Date,40,18000.0
232,Breguet,Classique,White Gold,Leather,Automatic,30,39.0,8.65,21.0,Silver,Sapphire,None,55,20000.0
233,Ulysse Nardin,Marine,Stainless Steel,Rubber,Automatic,100,42.0,12.8,22.0,Blue,Sapphire,Date,60,8500.0
234,Blancpain,Fifty Fathoms,Stainless Steel,Canvas,Automatic,300,45.0,15.5,23.0,Black,Sapphire,None,120,10500.0
235,Girard-Perregaux,Laureato,Stainless Steel,Stainless Steel,Automatic,100,42.0,10.88,22.0,Black,Sapphire,Date,54,9000.0
236,Patek Philippe,Nautilus,Stainless Steel,Stainless Steel,Automatic,120,40.8,8.3,21.0,Blue,Sapphire,Date,55,51000.0
238,IWC,Pilot's Watch,Stainless Steel,Leather,Automatic,60,46.2,15.0,20.0,Black,Sapphire,Chronograph,68,7500.0
239,Blancpain,Fifty Fathoms,Titanium,Fabric,Automatic,300,45.0,15.4,23.0,Black,Sapphire,Date,120,14500.0
240,Vacheron Constantin,Overseas,Stainless Steel,Stainless Steel,Automatic,150,41.0,11.0,22.0,Silver,Sapphire,Date,60,21500.0
241,Zenith,El Primero,Stainless Steel,Leather,Automatic,100,42.0,12.75,20.0,Black,Sapphire,Chronograph,50,7500.0
242,Hublot,Big Bang,Titanium,Rubber,Automatic,100,44.0,14.5,22.0,Black,Sapphire,Chronograph,72,15000.0
243,Breguet,Classique,18k Rose Gold,Leather,Automatic,30,39.0,10.2,22.0,Silver,Sapphire,None,40,18000.0
244,Chopard,Happy Sport,Stainless Steel,Leather,Quartz,30,30.0,10.5,17.0,White,Sapphire,None,60,5000.0
245,Girard-Perregaux,Laureato,Stainless Steel,Stainless Steel,Automatic,100,41.0,10.88,22.0,Blue,Sapphire,Date,54,11500.0
246,Panerai,Luminor Marina,Stainless Steel,Leather,Automatic,300,44.0,15.65,24.0,Black,Sapphire,Date,72,8000.0
247,Tudor,Black Bay,Stainless Steel,Leather,Automatic,200,41.0,14.75,22.0,Black,Sapphire,None,70,3800.0
248,Panerai,Luminor,Stainless Steel,Leather,Manual,100,44.0,13.05,24.0,Black,Sapphire,None,56,6400.0
249,IWC,Portugieser,Stainless Steel,Leather,Automatic,30,41.0,12.3,22.0,Silver,Sapphire,Date,60,8900.0
250,Audemars Piguet,Royal Oak,Stainless Steel,Stainless Steel,Automatic,50,41.0,9.8,20.0,Blue,Sapphire,Date,60,20400.0
251,Vacheron Constantin,Overseas,Stainless Steel,Rubber,Automatic,150,41.0,11.0,21.0,Blue,Sapphire,Date,60,22000.0
252,Patek Philippe,Nautilus,Stainless Steel,Stainless Steel,Automatic,120,40.8,8.3,21.0,Blue,Sapphire,Date,45,62500.0
253,Blancpain,Fifty Fathoms,Stainless Steel,Canvas,Automatic,300,45.0,15.5,23.0,Black,Sapphire,Date,120,14900.0
254,Chopard,Mille Miglia,Stainless Steel,Leather,Automatic,50,42.0,12.67,20.0,Silver,Sapphire,Chronograph,42,5900.0
255,Longines,Master Collection,Stainless Steel,Leather,Automatic,30,40.0,9.35,20.0,Silver,Sapphire,Date,64,1500.0
256,Montblanc,Heritage,Stainless Steel,Leather,Automatic,50,40.0,9.85,20.0,Black,Sapphire,Date,38,2700.0
257,Zenith,El Primero,Stainless Steel,Leather,Automatic,100,42.0,12.75,20.0,Black,Sapphire,Chronograph,50,6500.0
258,Rolex,Datejust,Stainless Steel,Stainless Steel,Automatic,100,41.0,11.8,21.0,Blue,Sapphire,Date,70,7800.0
259,Omega,Speedmaster,Stainless Steel,Stainless Steel,Automatic,50,42.0,13.75,20.0,Black,Sapphire,"Chronograph, Date",48,5300.0
260,Tag Heuer,Monaco,Stainless Steel,Leather,Automatic,100,39.0,14.5,22.0,Blue,Sapphire,Chronograph,42,5900.0
261,Breitling,Superocean,Stainless Steel,Rubber,Automatic,1000,44.0,14.21,22.0,Blue,Sapphire,Date,38,3800.0
262,Cartier,Ballon Bleu,Stainless Steel,Stainless Steel,Automatic,30,42.0,13.0,22.0,Silver,Sapphire,Date,42,7500.0
263,Jaeger-LeCoultre,Master Ultra Thin,Stainless Steel,Leather,Automatic,50,39.0,7.5,20.0,White,Sapphire,Date,38,6200.0
264,Rolex,GMT-Master II,Stainless Steel,Stainless Steel,Automatic,100,40.0,12.5,20.0,Black,Sapphire,"GMT, Date",70,9500.0
265,Omega,Aqua Terra,Stainless Steel,Stainless Steel,Automatic,150,41.5,13.0,20.0,Silver,Sapphire,Date,60,4700.0
266,Tag Heuer,Aquaracer,Stainless Steel,Stainless Steel,Automatic,300,41.0,12.5,20.0,Black,Sapphire,Date,38,2700.0
267,Breitling,Avenger II,Stainless Steel,Rubber,Automatic,300,43.0,16.5,22.0,Black,Sapphire,"Chronograph, Date",42,4600.0
268,Cartier,Santos,Stainless Steel,Leather,Automatic,100,35.1,8.83,22.0,Silver,Sapphire,Date,42,5300.0
269,Rolex,Daytona,Yellow Gold,Leather,Automatic,100,40.0,12.4,20.0,Ivory,Sapphire,Chronograph,72,39500.0
270,Omega,Speedmaster,Stainless Steel,Stainless Steel,Manual,50,42.0,14.3,20.0,Black,Sapphire,Chronograph,48,5400.0
271,TAG Heuer,Monaco,Stainless Steel,Leather,Automatic,100,39.0,14.0,22.0,Blue,Sapphire,Chronograph,42,6550.0
272,Cartier,Santos-Dumont,Stainless Steel,Leather,Quartz,30,43.5,7.3,23.0,Silver,Sapphire,None,60,5300.0
273,Breitling,Superocean,Stainless Steel,Rubber,Automatic,1000,42.0,13.32,20.0,Blue,Sapphire,Date,38,3850.0
274,Patek Philippe,Calatrava,White Gold,Leather,Automatic,30,39.0,8.25,20.0,Silver,Sapphire,None,48,25800.0
275,Tudor,Black Bay,Stainless Steel,Fabric,Automatic,200,41.0,11.9,22.0,Black,Sapphire,Date,70,4100.0
276,Blancpain,Fifty Fathoms,Stainless Steel,Rubber,Automatic,300,45.0,15.5,23.0,Black,Sapphire,Date,120,12900.0
277,IWC,Portugieser,Stainless Steel,Leather,Automatic,30,41.0,12.3,22.0,Blue,Sapphire,None,60,6900.0
278,Vacheron Constantin,Overseas,Stainless Steel,Rubber,Automatic,150,41.0,11.0,22.0,Blue,Sapphire,Date,40,19800.0
279,Rolex,Datejust,Stainless Steel,Stainless Steel,Automatic,100,36.0,12.0,20.0,Black,Sapphire,Date,70,8100.0
280,Rolex,Datejust,Stainless Steel,Stainless Steel,Automatic,100,36.0,12.5,20.0,Black,Sapphire,Date,70,6500.0
281,Omega,Speedmaster Moonwatch,Stainless Steel,Stainless Steel,Manual,50,42.0,14.3,20.0,Black,Hesalite,Chronograph,48,5400.0
282,Patek Philippe,Nautilus,Stainless Steel,Stainless Steel,Automatic,120,40.5,8.3,20.0,Blue,Sapphire,Date,55,44000.0
283,Cartier,Ballon Bleu,18k Rose Gold,Leather,Automatic,30,33.0,9.96,18.0,Silver,Sapphire,Date,42,13200.0
284,Hublot,Classic Fusion,18k King Gold,Rubber,Automatic,50,42.0,10.5,22.0,Blue,Sapphire,None,42,20200.0
285,Audemars Piguet,Royal Oak,Stainless Steel,Stainless Steel,Automatic,50,41.0,10.4,20.0,Blue,Sapphire,Date,60,24800.0
286,IWC,Pilot's Watch,Stainless Steel,Leather,Automatic,60,41.0,12.8,22.0,Black,Sapphire,Date,42,4800.0
287,Tudor,Black Bay GMT,Stainless Steel,Stainless Steel,Automatic,200,41.0,14.5,22.0,Black,Sapphire,GMT,70,4000.0
288,Breguet,Classique,18k White Gold,Leather,Manual,30,40.0,6.95,20.0,White,Sapphire,None,65,22500.0
289,Blancpain,Fifty Fathoms,Stainless Steel,Rubber,Automatic,300,45.0,15.4,23.0,Black,Sapphire,Date,120,12500.0
290,Chopard,Mille Miglia,Stainless Steel,Leather,Automatic,50,42.0,12.67,22.0,Black,Sapphire,Chronograph,42,6900.0
291,Panerai,Luminor,Titanium,Leather,Automatic,100,44.0,15.65,24.0,Black,Sapphire,None,72,7500.0
292,Audemars Piguet,Royal Oak,Stainless Steel,Stainless Steel,Automatic,50,41.0,10.4,20.0,Blue,Sapphire,"Date, Stopwatch",60,25000.0
293,Patek Philippe,Nautilus,Stainless Steel,Stainless Steel,Automatic,120,40.5,8.3,22.0,Blue,Sapphire,"Date, Moon Phase",45,70000.0
294,IWC,Pilot's Watch,Stainless Steel,Leather,Automatic,60,41.0,10.8,20.0,Black,Sapphire,"Date, Stopwatch",42,5500.0
295,Blancpain,Fifty Fathoms,Titanium,Fabric,Automatic,300,45.0,15.4,23.0,Black,Sapphire,Date,120,12000.0
296,Ulysse Nardin,Marine,Stainless Steel,Rubber,Automatic,100,44.0,14.4,22.0,Blue,Sapphire,"Date, Power Reserve",60,7500.0
297,Breguet,Classique,Rose Gold,Leather,Automatic,30,38.0,8.25,20.0,Silver,Sapphire,None,45,20000.0
298,Girard-Perregaux,Laureato,Stainless Steel,Stainless Steel,Automatic,100,38.0,10.88,22.0,Black,Sapphire,None,46,8500.0
299,Hublot,Big Bang,Ceramic,Rubber,Automatic,100,42.0,14.1,24.0,Black,Sapphire,"Date, Chronograph",42,12000.0
300,Zenith,Chronomaster,Stainless Steel,Leather,Automatic,100,42.0,14.05,20.0,Silver,Sapphire,"Date, Chronograph",50,6000.0
301,Vacheron Constantin,Overseas,Stainless Steel,Rubber,Automatic,150,41.0,11.0,22.0,Blue,Sapphire,Date,40,12000.0
302,Audemars Piguet,Royal Oak,Stainless Steel,Stainless Steel,Automatic,50,41.0,10.4,20.0,Black,Sapphire,Date,60,22000.0
303,Hublot,Classic Fusion,Titanium,Rubber,Automatic,50,42.0,10.5,22.0,Blue,Sapphire,Date,42,8500.0
304,Panerai,Luminor Marina,Stainless Steel,Leather,Manual,300,44.0,15.65,24.0,Black,Sapphire,None,56,7200.0
305,Breguet,Classique,18K White Gold,Leather,Manual,30,40.0,6.1,20.0,Silver,Sapphire,None,65,16000.0
306,Chopard,Happy Sport,Stainless Steel,Stainless Steel,Quartz,30,30.0,7.2,15.0,Silver,Sapphire,Date,60,5800.0
307,Ulysse Nardin,Marine,Stainless Steel,Rubber,Automatic,100,42.2,12.6,22.0,Blue,Sapphire,Date,60,8900.0
308,IWC,Portugieser Chronograph,Stainless Steel,Leather,Automatic,30,41.0,13.1,20.0,White,Sapphire,Chronograph,46,7600.0
309,Patek Philippe,Nautilus,Stainless Steel,Stainless Steel,Automatic,120,40.8,8.3,20.0,Blue,Sapphire,Date,45,57000.0
310,Montblanc,1858 Geosphere,Titanium,Leather,Automatic,100,42.0,12.8,22.0,Black,Sapphire,GMT,42,6500.0
311,Vacheron Constantin,Overseas,Stainless Steel,Stainless Steel,Automatic,150,41.5,11.0,22.0,Blue,Sapphire,Date,60,21000.0
312,Zenith,Chronomaster El Primero,Stainless Steel,Leather,Automatic,100,38.0,12.45,20.0,Silver,Sapphire,Chronograph,50,6000.0
313,Rolex,Daytona,18k Yellow Gold,Leather,Automatic,100,40.0,12.4,20.0,Champagne,Sapphire,Chronograph,72,29500.0
314,Audemars Piguet,Royal Oak,Rose Gold,Rose Gold,Automatic,50,37.0,9.8,18.0,Blue,Sapphire,None,60,36500.0
315,Patek Philippe,Nautilus,Stainless Steel,Stainless Steel,Automatic,120,40.5,8.3,22.0,Blue,Sapphire,Date,45,51000.0
316,IWC,Portuguese,Stainless Steel,Leather,Automatic,30,42.3,14.2,22.0,White,Sapphire,Date,60,8800.0
317,Blancpain,Fifty Fathoms,Stainless Steel,Rubber,Automatic,300,45.0,15.4,23.0,Black,Sapphire,Date,120,13500.0
318,Hublot,Big Bang,Carbon Fiber,Rubber,Automatic,100,44.0,14.5,22.0,Black,Sapphire,Chronograph,72,19500.0
319,Ulysse Nardin,Marine,Stainless Steel,Rubber,Automatic,100,43.0,12.6,22.0,Blue,Sapphire,Date,60,7000.0
320,Breguet,Classique,18k White Gold,Leather,Manual,30,38.0,7.45,20.0,Silver,Sapphire,None,65,23000.0
321,Girard-Perregaux,Laureato,Stainless Steel,Stainless Steel,Automatic,100,42.0,10.88,25.0,Black,Sapphire,Date,46,9500.0
322,Piaget,Altiplano,18k White Gold,Leather,Manual,30,40.0,6.36,20.0,Silver,Sapphire,None,43,18500.0
323,Vacheron Constantin,Patrimony,18k Rose Gold,Leather,Manual,30,42.0,7.65,20.0,Silver,Sapphire,None,65,22500.0
324,Panerai,Luminor Marina,Stainless Steel,Leather,Automatic,300,44.0,15.65,22.0,Black,Sapphire,"Date, GMT",72,7500.0
325,IWC,Portugieser,Stainless Steel,Leather,Automatic,30,41.0,12.3,22.0,Blue,Sapphire,Date,60,6500.0
326,Audemars Piguet,Royal Oak,Stainless Steel,Stainless Steel,Automatic,50,41.0,9.8,20.0,Blue,Sapphire,Date,60,20000.0
327,Hublot,Big Bang,Carbon Fiber,Rubber,Automatic,100,44.0,14.5,26.0,Black,Sapphire,Chronograph,72,12000.0
328,Girard-Perregaux,Laureato,Stainless Steel,Stainless Steel,Automatic,100,42.0,10.88,22.0,Blue,Sapphire,Date,54,6500.0
329,Chopard,Mille Miglia,Stainless Steel,Leather,Automatic,50,42.0,11.43,22.0,Black,Sapphire,Chronograph,48,6200.0
330,Vacheron Constantin,Overseas,Stainless Steel,Stainless Steel,Automatic,150,41.0,11.0,22.0,Blue,Sapphire,Date,60,15000.0
331,Piaget,Altiplano,White Gold,Leather,Manual,30,40.0,6.36,20.0,Silver,Sapphire,None,44,22000.0
332,Zenith,El Primero,Stainless Steel,Leather,Automatic,100,42.0,12.75,22.0,Black,Sapphire,Chronograph,50,5500.0
333,Breguet,Classique,White Gold,Leather,Automatic,30,39.0,10.2,22.0,Silver,Sapphire,None,45,19000.0
334,Tudor,Black Bay,Stainless Steel,Leather,Automatic,200,41.0,12.7,22.0,Black,Sapphire,None,70,3500.0
335,Rolex,Datejust,Stainless Steel,Stainless Steel,Automatic,100,36.0,12.5,20.0,Blue,Sapphire,"Date, Cyclops",70,7400.0
336,Omega,Speedmaster,Stainless Steel,Stainless Steel,Automatic,50,42.0,14.3,20.0,Black,Hesalite,Chronograph,48,5000.0
337,Cartier,Santos,Stainless Steel,Stainless Steel,Automatic,100,39.8,9.08,20.0,Silver,Sapphire,Date,42,6200.0
338,TAG Heuer,Aquaracer,Stainless Steel,Stainless Steel,Automatic,300,43.0,12.5,21.0,Black,Sapphire,Date,38,3100.0
339,Breitling,Superocean,Stainless Steel,Rubber,Automatic,1000,42.0,13.3,20.0,Blue,Sapphire,Date,38,4100.0
340,Panerai,Luminor Marina,Stainless Steel,Leather,Automatic,300,44.0,13.05,24.0,Black,Sapphire,None,72,6500.0
342,Zenith,Elite Classic,Stainless Steel,Leather,Automatic,50,39.0,8.15,20.0,Silver,Sapphire,Date,50,4900.0
343,Longines,Conquest Classic,Stainless Steel,Leather,Automatic,50,40.0,10.75,20.0,Silver,Sapphire,Date,54,1850.0
344,Montblanc,Star Legacy,Stainless Steel,Leather,Automatic,50,42.0,11.4,22.0,White,Sapphire,"Date, Moonphase",42,3900.0
345,Baume & Mercier,Clifton Baumatic,Stainless Steel,Leather,Automatic,50,40.0,10.3,20.0,Silver,Sapphire,Date,120,2750.0
346,Rolex,Datejust,Stainless Steel,Jubilee Bracelet,Automatic,100,41.0,11.8,20.0,Blue,Sapphire,Date,70,9500.0
347,Omega,Speedmaster Moonwatch,Stainless Steel,Stainless Steel,Manual,50,42.0,13.75,20.0,Black,Hesalite,"Chronograph, Tachymeter",48,5350.0
348,Breitling,Superocean Heritage,Stainless Steel,Stainless Steel,Automatic,200,44.0,14.2,22.0,Blue,Sapphire,Date,38,3250.0
349,Cartier,Santos-Dumont,18K Yellow Gold,Leather,Manual,30,27.5,6.5,18.0,Silver,Sapphire,None,60,14200.0
350,Tag Heuer,Monaco,Stainless Steel,Leather,Automatic,100,39.0,14.0,22.0,Blue,Sapphire,Chronograph,40,4950.0
351,Jaeger-LeCoultre,Master Control,Stainless Steel,Leather,Automatic,50,40.0,8.5,20.0,Silver,Sapphire,"Date, Moonphase",70,6500.0
352,Panerai,Luminor,Titanium,Rubber,Manual,300,44.0,15.6,24.0,Black,Sapphire,None,72,8500.0
353,Audemars Piguet,Royal Oak,Stainless Steel,Stainless Steel,Automatic,50,41.0,10.4,20.0,Blue,Sapphire,Date,60,27000.0
354,IWC,Portugieser,Stainless Steel,Leather,Automatic,30,40.4,12.3,20.0,Silver,Sapphire,Chronograph,46,7250.0
355,Patek Philippe,Calatrava,18K White Gold,Leather,Manual,30,38.0,8.25,20.0,White,Sapphire,None,44,25000.0
356,Bell & Ross,BR 03-92,Ceramic,Rubber,Automatic,100,42.0,9.8,24.0,Black,Sapphire,None,40,3800.0
357,Rolex,Datejust,Stainless Steel,Stainless Steel,Automatic,100,36.0,12.5,20.0,Silver,Sapphire,"Date, Cyclops Lens",70,8000.0
358,Omega,Speedmaster,Stainless Steel,Stainless Steel,Manual,50,42.0,14.3,20.0,Black,Hesalite,"Chronograph, Tachymeter",48,4500.0
359,Patek Philippe,Nautilus,Stainless Steel,Stainless Steel,Automatic,120,40.8,8.3,20.0,Blue,Sapphire,Date,45,52000.0
360,Audemars Piguet,Royal Oak,Stainless Steel,Stainless Steel,Automatic,50,41.0,10.4,20.0,Blue,Sapphire,Date,60,28500.0
361,IWC,Pilot's Watch Mark,Stainless Steel,Leather,Automatic,60,41.0,12.5,20.0,Black,Sapphire,"Date, Chronograph",44,6800.0
362,Hublot,Big Bang,Ceramic,Rubber,Automatic,100,42.0,14.1,24.0,Black,Sapphire,Chronograph,72,16000.0
364,Breguet,Classique,18K White Gold,Leather,Automatic,30,39.0,8.65,20.0,Silver,Sapphire,None,40,19000.0
365,Blancpain,Fifty Fathoms,Stainless Steel,Rubber,Automatic,300,45.0,15.5,23.0,Black,Sapphire,Date,120,13500.0
366,Girard-Perregaux,Laureato,Stainless Steel,Stainless Steel,Automatic,100,42.0,10.88,25.0,Black,Sapphire,Date,46,8000.0
367,Jaquet Droz,Grande Seconde,Stainless Steel,Leather,Automatic,30,43.0,12.48,23.0,Silver,Sapphire,None,68,10000.0
368,Panerai,Luminor,Titanium,Leather,Manual,100,44.0,13.05,24.0,Black,Sapphire,None,56,6900.0
369,Rolex,GMT-Master II,Stainless Steel,Stainless Steel,Automatic,100,40.0,12.5,20.0,Black,Sapphire,"Date, GMT",70,9700.0
370,Patek Philippe,Nautilus,Stainless Steel,Stainless Steel,Automatic,120,40.5,8.3,21.0,Blue,Sapphire,Date,45,29800.0
371,Omega,Speedmaster,Stainless Steel,Stainless Steel,Manual,50,42.0,14.3,20.0,Black,Hesalite,Chronograph,48,5350.0
372,Audemars Piguet,Royal Oak,Stainless Steel,Stainless Steel,Automatic,50,41.0,9.8,20.0,Blue,Sapphire,Date,60,18500.0
373,IWC,Pilot's Watch,Stainless Steel,Leather,Automatic,60,43.0,15.0,22.0,Black,Sapphire,Date,72,4950.0
374,Zenith,El Primero,Stainless Steel,Leather,Automatic,100,42.0,12.75,20.0,White,Sapphire,"Chronograph, Date",50,7900.0
375,Cartier,Santos-Dumont,Stainless Steel,Leather,Manual,30,31.4,7.25,18.0,Silver,Sapphire,None,60,4500.0
376,Hublot,Big Bang,Titanium,Rubber,Automatic,100,44.0,14.5,24.0,Black,Sapphire,"Chronograph, Date",72,16000.0
377,Girard-Perregaux,Laureato,Stainless Steel,Stainless Steel,Automatic,100,42.0,10.88,22.0,Blue,Sapphire,Date,54,12800.0
378,Jaeger-LeCoultre,Master Control,Stainless Steel,Leather,Automatic,50,40.0,8.78,20.0,Silver,Sapphire,"Date, Power Reserve Indicator",70,8500.0
379,IWC,Portugieser,Stainless Steel,Leather,Automatic,30,41.0,12.3,22.0,Blue,Sapphire,"Date, Power Reserve Indicator",42,8500.0
380,Panerai,Luminor,Titanium,Rubber,Automatic,300,44.0,13.05,24.0,Black,Sapphire,"Date, Sub Seconds",72,7500.0
381,Patek Philippe,Nautilus,Stainless Steel,Stainless Steel,Automatic,120,40.5,8.3,20.0,Blue,Sapphire,Date,45,39000.0
382,Audemars Piguet,Royal Oak,Stainless Steel,Stainless Steel,Automatic,50,37.0,9.8,20.0,Blue,Sapphire,Date,40,19500.0
383,Hublot,Big Bang,Titanium,Rubber,Automatic,100,44.0,14.5,24.0,Black,Sapphire,"Date, Chronograph",72,13000.0
384,Zenith,El Primero,Stainless Steel,Leather,Automatic,100,42.0,12.75,20.0,White,Sapphire,"Date, Chronograph, Moon Phase",50,7500.0
385,Vacheron Constantin,Overseas,Stainless Steel,Stainless Steel,Automatic,150,41.0,11.0,22.0,Blue,Sapphire,"Date, World Time",60,23000.0
386,Breguet,Classique,18K White Gold,Leather,Manual,30,40.0,6.95,20.0,Silver,Sapphire,None,50,24000.0
387,Blancpain,Fifty Fathoms,Stainless Steel,Fabric,Automatic,300,45.0,15.5,23.0,Black,Sapphire,"Date, Power Reserve Indicator",120,11000.0
388,Chopard,Mille Miglia,Stainless Steel,Leather,Automatic,50,44.0,14.45,22.0,Black,Sapphire,"Date, Chronograph",42,6000.0
389,Rolex,Datejust,Stainless Steel,Stainless Steel,Automatic,100,36.0,12.0,20.0,Silver,Sapphire,Date,70,7500.0
390,Omega,Speedmaster,Stainless Steel,Stainless Steel,Automatic,50,42.0,13.7,20.0,Black,Sapphire,"Chronograph, Tachymeter",60,6500.0
391,Tag Heuer,Aquaracer,Stainless Steel,Stainless Steel,Automatic,300,43.0,13.0,21.0,Blue,Sapphire,Date,38,3700.0
392,Breitling,Superocean,Stainless Steel,Rubber,Automatic,200,44.0,14.2,22.0,Black,Sapphire,Date,42,4500.0
394,Jaeger-LeCoultre,Master Control,Stainless Steel,Leather,Automatic,50,40.0,8.8,20.0,Silver,Sapphire,"Date, Power Reserve",70,6000.0
395,Rolex,GMT-Master II,Stainless Steel,Stainless Steel,Automatic,100,40.0,12.5,20.0,Black,Sapphire,Dual Time Zone,70,9500.0
396,Omega,Constellation,Stainless Steel,Stainless Steel,Automatic,100,39.0,10.6,20.0,Black,Sapphire,Date,50,4800.0
397,Tag Heuer,Monaco,Stainless Steel,Leather,Automatic,100,39.0,14.5,22.0,Blue,Sapphire,Chronograph,40,5200.0
398,Breitling,Chronomat,Stainless Steel,Stainless Steel,Automatic,200,44.0,16.95,22.0,Blue,Sapphire,"Chronograph, Date",70,6900.0
399,Cartier,Santos,Stainless Steel,Stainless Steel,Automatic,100,35.1,8.83,18.0,Silver,Sapphire,Date,42,5500.0
400,Rolex,Datejust,Stainless Steel,Stainless Steel,Automatic,100,41.0,11.7,20.0,White,Sapphire,Date,70,8000.0
401,Patek Philippe,Nautilus,Stainless Steel,Stainless Steel,Automatic,120,40.5,8.3,21.0,Blue,Sapphire,Date,45,40000.0
402,Audemars Piguet,Royal Oak,Stainless Steel,Stainless Steel,Automatic,50,37.0,9.0,16.0,Blue,Sapphire,Date,60,18000.0
403,IWC,Portugieser,Stainless Steel,Leather,Automatic,30,40.4,12.3,22.0,White,Sapphire,Date,60,7500.0
404,Hublot,Big Bang,Titanium,Rubber,Automatic,100,44.0,14.5,25.0,Black,Sapphire,Chronograph,72,14000.0
405,Blancpain,Fifty Fathoms,Stainless Steel,Canvas,Automatic,300,45.0,15.4,23.0,Black,Sapphire,Date,120,14000.0
406,Breguet,Classique,Rose Gold,Leather,Manual,30,40.0,6.8,20.0,Silver,Sapphire,None,55,25000.0
407,Jaeger-LeCoultre,Master Ultra Thin,Stainless Steel,Leather,Automatic,50,39.0,7.8,20.0,Silver,Sapphire,None,70,6500.0
408,Zenith,El Primero,Stainless Steel,Stainless Steel,Automatic,100,42.0,12.75,20.0,Blue,Sapphire,Chronograph,50,7000.0
409,Bulgari,Octo Finissimo,Titanium,Titanium,Automatic,30,40.0,5.15,28.0,Black,Sapphire,None,55,10000.0
411,Rolex,GMT-Master II,Stainless Steel,Stainless Steel,Automatic,100,40.0,12.1,20.0,Black,Sapphire,"GMT, Date",70,9450.0
412,Patek Philippe,Nautilus,Stainless Steel,Stainless Steel,Automatic,120,40.8,8.3,21.0,Blue,Sapphire,Date,55,29800.0
413,Audemars Piguet,Royal Oak,Stainless Steel,Stainless Steel,Automatic,50,41.0,9.8,20.0,Blue,Sapphire,"Date, Chronograph",50,22300.0
414,Hublot,Classic Fusion,Titanium,Rubber,Automatic,50,42.0,10.6,22.0,Black,Sapphire,Date,42,8100.0
415,IWC,Pilot's Watch Mark XVIII,Stainless Steel,Leather,Automatic,60,40.0,10.8,20.0,Black,Sapphire,Date,42,3900.0
416,A. Lange & Söhne,Saxonia,Rose Gold,Leather,Manual,30,38.5,7.8,18.0,Silver,Sapphire,None,72,23300.0
417,Breguet,Classique,Rose Gold,Leather,Automatic,30,39.0,8.65,20.0,Silver,Sapphire,Date,65,23200.0
418,Chopard,Mille Miglia,Stainless Steel,Leather,Automatic,50,44.0,14.4,22.0,Black,Sapphire,"Date, Chronograph, Tachymeter",42,6300.0
419,Zenith,El Primero,Stainless Steel,Leather,Automatic,100,38.0,12.45,20.0,White,Sapphire,"Date, Chronograph",50,5600.0
420,Rolex,Daytona,Stainless Steel,Stainless Steel,Automatic,100,40.0,12.4,20.0,White,Sapphire,Chronograph,72,13500.0
421,Omega,Speedmaster,Stainless Steel,Stainless Steel,Manual,50,42.0,14.3,20.0,Black,Hesalite,Chronograph,48,4500.0
422,Cartier,Santos,Stainless Steel,Leather,Automatic,100,39.8,9.08,20.0,Silver,Sapphire,Date,42,6600.0
424,Tag Heuer,Aquaracer,Stainless Steel,Stainless Steel,Automatic,300,41.0,12.0,20.0,Blue,Sapphire,Date,38,2800.0
425,Jaeger-LeCoultre,Master Ultra Thin,Stainless Steel,Leather,Automatic,50,40.0,7.45,20.0,Silver,Sapphire,None,43,6300.0
426,Patek Philippe,Calatrava,18k Rose Gold,Leather,Manual,30,38.0,7.68,19.0,White,Sapphire,None,44,22900.0
427,Audemars Piguet,Royal Oak,Stainless Steel,Stainless Steel,Automatic,50,41.0,9.8,20.0,Black,Sapphire,Date,60,22500.0
428,Zenith,El Primero,Stainless Steel,Stainless Steel,Automatic,100,42.0,12.75,20.0,Blue,Sapphire,Chronograph,50,6900.0
429,Vacheron Constantin,Overseas,Stainless Steel,Stainless Steel,Automatic,150,41.0,11.0,20.0,Black,Sapphire,"Date, World Time",60,20200.0
430,IWC,Portugieser,Stainless Steel,Leather,Automatic,30,40.4,12.6,20.0,Silver,Sapphire,None,44,7600.0
431,Panerai,Luminor Marina,Stainless Steel,Leather,Automatic,300,44.0,15.65,24.0,Black,Sapphire,Date,72,6500.0
432,Patek Philippe,Nautilus,Stainless Steel,Stainless Steel,Automatic,120,40.5,8.3,21.0,Blue,Sapphire,Date,45,34000.0
434,IWC,Portugieser,Stainless Steel,Leather,Automatic,30,41.0,12.3,22.0,White,Sapphire,Date,168,9500.0
435,Hublot,Big Bang,Ceramic,Rubber,Automatic,100,41.0,14.6,20.0,Black,Sapphire,Chronograph,42,14000.0
436,Breguet,Classique,18k Rose Gold,Leather,Manual,30,39.0,10.2,22.0,Silver,Sapphire,None,40,26000.0
437,Zenith,El Primero,Stainless Steel,Leather,Automatic,100,38.0,12.5,20.0,Silver,Sapphire,Chronograph,50,7000.0
438,Blancpain,Fifty Fathoms,Stainless Steel,NATO strap,Automatic,300,45.0,15.4,23.0,Black,Sapphire,None,120,10000.0
439,Girard-Perregaux,Laureato,Stainless Steel,Stainless Steel,Automatic,100,42.0,10.88,22.0,Blue,Sapphire,Date,54,11500.0
440,Ulysse Nardin,Marine,Stainless Steel,Leather,Automatic,100,42.2,12.6,20.0,Blue,Sapphire,Date,60,7500.0
441,Vacheron Constantin,Overseas,Stainless Steel,Stainless Steel,Automatic,150,41.5,11.0,22.0,Silver,Sapphire,Date,60,20000.0
442,Patek Philippe,Nautilus,Stainless Steel,Stainless Steel,Automatic,120,40.0,8.3,20.0,Blue,Sapphire,Date,45,26000.0
443,Audemars Piguet,Royal Oak,Stainless Steel,Stainless Steel,Automatic,50,41.0,10.4,20.0,Grey,Sapphire,Date,60,17000.0
444,IWC,Portugieser,Stainless Steel,Leather,Automatic,30,42.3,14.2,22.0,White,Sapphire,Chronograph,46,7800.0
445,A. Lange & Söhne,Saxonia,18k Rose Gold,Leather,Manual,30,37.0,7.5,18.0,Silver,Sapphire,None,45,17500.0
446,Vacheron Constantin,Overseas,Stainless Steel,Rubber,Automatic,150,42.5,13.7,22.0,Blue,Sapphire,Date,40,20000.0
447,Girard-Perregaux,Laureato,Stainless Steel,Stainless Steel,Automatic,100,41.0,10.88,26.0,Black,Sapphire,Chronograph,46,12000.0
448,Zenith,El Primero,Stainless Steel,Leather,Automatic,100,42.0,12.75,22.0,Silver,Sapphire,Chronograph,50,7500.0
449,Blancpain,Fifty Fathoms,Stainless Steel,Rubber,Automatic,300,45.0,15.5,23.0,Black,Sapphire,Date,120,14000.0
450,Hublot,Classic Fusion,Titanium,Rubber,Automatic,50,45.0,10.95,22.0,Blue,Sapphire,None,42,9500.0
451,Breguet,Classique,18k White Gold,Leather,Manual,30,38.0,8.25,20.0,Silver,Sapphire,None,40,22000.0
452,Piaget,Polo,Stainless Steel,Stainless Steel,Automatic,100,42.0,9.4,22.0,Blue,Sapphire,Date,44,10500.0
453,Patek Philippe,Nautilus,Stainless Steel,Stainless Steel,Automatic,120,40.5,8.3,22.0,Blue,Sapphire,Date,45,29000.0
454,Audemars Piguet,Royal Oak,Rose Gold,Leather,Automatic,50,37.0,9.8,20.0,Black,Sapphire,Date,60,38500.0
455,Hublot,Classic Fusion,Titanium,Rubber,Automatic,50,42.0,9.85,22.0,Blue,Sapphire,None,42,7500.0
456,Breguet,Classique,Rose Gold,Leather,Automatic,30,39.0,10.2,20.0,Silver,Sapphire,None,65,25000.0
457,IWC,Pilot's Watch,Stainless Steel,Leather,Automatic,60,41.0,15.3,20.0,Black,Sapphire,Date,42,5900.0
458,Blancpain,Fifty Fathoms,Stainless Steel,NATO Strap,Automatic,300,45.0,15.5,23.0,Black,Sapphire,Date,120,12000.0
459,Zenith,El Primero,Stainless Steel,Leather,Automatic,100,38.0,12.45,20.0,Silver,Sapphire,Chronograph,50,6200.0
460,Chopard,Mille Miglia,Stainless Steel,Rubber,Automatic,50,42.0,13.07,20.0,Black,Sapphire,Chronograph,48,6800.0
461,Vacheron Constantin,Patrimony,White Gold,Leather,Manual,30,40.0,6.79,20.0,Silver,Sapphire,None,65,28000.0
462,Panerai,Luminor,Titanium,Leather,Automatic,300,44.0,16.15,24.0,Black,Sapphire,None,72,9500.0
463,Tudor,Black Bay,Stainless Steel,NATO Strap,Automatic,200,41.0,11.9,22.0,Black,Sapphire,None,70,3500.0
464,Panerai,Luminor Marina,Stainless Steel,Leather,Automatic,300,42.0,14.5,22.0,Black,Sapphire,Date,50,7200.0
465,IWC,Portugieser,Stainless Steel,Leather,Automatic,30,41.0,12.3,22.0,Blue,Sapphire,None,60,7900.0
466,Patek Philippe,Nautilus,Stainless Steel,Stainless Steel,Automatic,120,40.0,8.3,22.0,Blue,Sapphire,Date,45,36000.0
468,Blancpain,Fifty Fathoms,Stainless Steel,Canvas,Automatic,300,45.0,15.4,23.0,Black,Sapphire,Date,120,15000.0
469,Breguet,Classique,18K Yellow Gold,Leather,Automatic,30,39.0,10.2,20.0,Silver,Sapphire,Date,38,26000.0
470,Zenith,Chronomaster,Stainless Steel,Leather,Automatic,50,42.0,13.5,22.0,Blue,Sapphire,Chronograph,50,6500.0
471,Girard-Perregaux,Laureato,Stainless Steel,Stainless Steel,Automatic,100,38.0,10.88,20.0,Blue,Sapphire,Date,54,12000.0
472,Hublot,Big Bang,Titanium,Rubber,Automatic,100,44.0,14.5,24.0,Black,Sapphire,Chronograph,72,18500.0
473,Jaquet Droz,Grande Seconde,Stainless Steel,Leather,Automatic,30,43.0,11.48,23.0,Black,Sapphire,None,68,9500.0
474,Montblanc,Star Legacy,Stainless Steel,Leather,Automatic,50,39.0,9.9,19.0,Silver,Sapphire,Date,42,3500.0
475,Rolex,GMT-Master II,Stainless Steel,Stainless Steel,Automatic,100,40.0,12.5,20.0,Black,Sapphire,"GMT, Date",70,9900.0
476,Omega,Speedmaster,Stainless Steel,Stainless Steel,Manual,50,42.0,14.3,20.0,Black,Hesalite,Chronograph,48,4300.0
477,IWC,Portugieser,Stainless Steel,Leather,Automatic,30,40.4,12.3,20.0,White,Sapphire,None,60,7500.0
478,Hublot,Big Bang,Ceramic,Rubber,Automatic,100,44.0,14.5,24.0,Black,Sapphire,Chronograph,72,15500.0
479,Panerai,Luminor Marina,Stainless Steel,Leather,Manual,300,44.0,13.05,24.0,Black,Sapphire,None,56,5200.0
480,Patek Philippe,Calatrava,White Gold,Leather,Automatic,30,37.0,8.5,18.0,White,Sapphire,Date,45,25000.0
481,Audemars Piguet,Royal Oak,Stainless Steel,Stainless Steel,Automatic,50,41.0,10.4,20.0,Blue,Sapphire,Date,60,19500.0
482,Vacheron Constantin,Patrimony,Rose Gold,Leather,Automatic,30,40.0,6.79,20.0,White,Sapphire,None,40,15000.0
483,Blancpain,Fifty Fathoms,Titanium,Fabric,Automatic,300,45.0,15.4,23.0,Black,Sapphire,None,120,14000.0
484,Girard-Perregaux,Laureato,Stainless Steel,Stainless Steel,Automatic,100,42.0,10.88,25.0,Blue,Sapphire,None,54,7500.0
485,Jaquet Droz,Grande Seconde,Stainless Steel,Leather,Automatic,30,43.0,11.48,22.0,White,Sapphire,None,68,8500.0
486,Rolex,Datejust,Stainless Steel,Jubilee Bracelet,Automatic,100,36.0,12.0,20.0,Blue,Sapphire,Date,70,7650.0
487,Omega,Speedmaster,Stainless Steel,Stainless Steel,Manual,50,42.0,14.3,20.0,Black,Hesalite,Chronograph,48,5200.0
488,Patek Philippe,Nautilus,Stainless Steel,Stainless Steel,Automatic,120,40.5,8.3,20.0,Blue,Sapphire,"Date, Chronograph",55,67000.0
489,Audemars Piguet,Royal Oak,Stainless Steel,Stainless Steel,Automatic,50,41.0,9.8,20.0,Blue,Sapphire,"Date, Power Reserve",60,25000.0
490,Cartier,Ballon Bleu,Stainless Steel,Stainless Steel,Automatic,30,36.6,12.05,18.0,Silver,Sapphire,Date,42,4700.0
491,IWC,Portugieser,Stainless Steel,Leather,Automatic,30,42.3,14.2,22.0,Blue,Sapphire,None,60,9100.0
492,Jaeger-LeCoultre,Master Control,Stainless Steel,Leather,Automatic,50,39.0,8.5,20.0,Silver,Sapphire,"Date, Moonphase",70,8200.0
493,Blancpain,Fifty Fathoms,Stainless Steel,Canvas,Automatic,300,45.0,15.5,23.0,Black,Sapphire,Date,120,12500.0
494,Breguet,Classique,18K Rose Gold,Leather,Automatic,30,39.0,9.9,22.0,White,Sapphire,"Date, Moonphase",65,27900.0
495,Chopard,Mille Miglia,Stainless Steel,Rubber,Automatic,50,42.0,12.67,20.0,Black,Sapphire,"Chronograph, Date",42,6500.0
496,Seiko,Prospex,Stainless Steel,Silicone,Automatic,200,44.3,13.1,22.0,Black,Hardlex,"Date, GMT",50,1200.0
498,IWC,Pilot's Watch,Stainless Steel,Leather,Automatic,60,39.0,10.86,20.0,Black,Sapphire,Date,42,4500.0
499,Panerai,Luminor Marina,Titanium,Rubber,Automatic,300,44.0,15.65,24.0,Black,Sapphire,None,72,9500.0
500,Patek Philippe,Nautilus,Stainless Steel,Stainless Steel,Automatic,120,40.5,8.3,20.0,Blue,Sapphire,Date,45,35000.0
501,Audemars Piguet,Royal Oak,Stainless Steel,Stainless Steel,Automatic,50,41.0,10.4,20.0,Black,Sapphire,Date,60,24000.0
502,Breguet,Classique,18k Rose Gold,Leather,Automatic,30,38.5,8.25,20.0,White,Sapphire,Date,38,21500.0
503,Blancpain,Fifty Fathoms,Stainless Steel,Fabric,Automatic,300,45.0,15.5,23.0,Black,Sapphire,Date,120,13500.0
504,Longines,Master Collection,Stainless Steel,Leather,Automatic,30,38.5,9.7,20.0,Blue,Sapphire,Date,64,1800.0
505,Vacheron Constantin,Overseas,Stainless Steel,Stainless Steel,Automatic,150,41.5,11.0,22.0,Blue,Sapphire,Date,40,19000.0
506,Frederique Constant,Classics,Stainless Steel,Leather,Automatic,50,40.0,10.6,20.0,Silver,Sapphire,Date,38,1200.0
